Parameter,Estimate,Std. Error,t-value,p-value,2.50%,97.50%
b:(Intercept),3.005321042,0.290422828,10.34808822,4.05E-16,2.426893851,3.583748233
c:(Intercept),12.28489239,13.80074497,0.89016154,0.376188371,-15.20167336,39.77145814
d:(Intercept),561.7045529,9.94964126,56.45475432,4.14E-64,541.8881249,581.5209808
e:(Intercept),0.318506257,0.010735994,29.66714278,7.72E-44,0.297123673,0.339888842