"","Estimate","Std. Error","t-value","p-value","2.5 %","97.5 %"
"b:(Intercept)",3.00532104245067,0.290422827606735,10.3480882243878,4.04841401872158e-16,2.42689385149078,3.58374823341055
"c:(Intercept)",12.2848923913005,13.8007449700477,0.890161539682308,0.376188370652122,-15.2016733582349,39.7714581408359
"d:(Intercept)",561.704552856467,9.9496412596979,56.4547543167926,4.1383058232276e-64,541.888124883737,581.520980829198
"e:(Intercept)",0.318506257442212,0.0107359936808224,29.6671427826152,7.72131212327863e-44,0.2971236728908,0.339888841993624
